{
    "schemaVersion": "1.0",
    "artifacts": {
        "flutter-engine": {
            "type": "executable",
            "version": "0.0.0",
            "variants": [
               {
                    "path": "elinux-arm64-debug/libflutter_engine.so",
                    "supportedTriples": ["aarch64-unknown-linux-gnu"]
               },
               {
                    "path": "elinux-x64-debug/libflutter_engine.so",
                    "supportedTriples": ["x86_64-unknown-linux-gnu"]
               }
            ]
        }
    }
}
